username,first_name,last_name,email,password,role,degrees,position,doctor_license,hospital_name,phone_number,about_me,token_id,is_active,is_staff
dr_rahim_hossain_1,Rahim,Hossain,dr_rahim_hossain_1@testmail.com,password123,doctor,"MBBS, FCPS (Surgery)",Senior Consultant,BMDC-880926,Kurmitola General Hospital,8800000000000.0,Experienced doctor providing quality healthcare.,DR000001,True,True
dr_ashik_uddin_2,Ashik,Uddin,dr_ashik_uddin_2@testmail.com,password123,doctor,"MBBS, FCPS (Medicine)",Senior Consultant,BMDC-775336,Evercare Hospital Dhaka,8800000000000.0,Experienced doctor providing quality healthcare.,DR000002,True,True
dr_mohammad_mondal_3,Mohammad,Mondal,dr_mohammad_mondal_3@testmail.com,password123,doctor,MBBS,Professor,BMDC-339064,United Hospital Limited,8800000000000.0,Experienced doctor providing quality healthcare.,DR000003,True,True
dr_sajid_khan_4,Sajid,Khan,dr_sajid_khan_4@testmail.com,password123,doctor,"MBBS, FCPS",Associate Professor,BMDC-161005,Evercare Hospital Dhaka,8800000000000.0,Experienced doctor providing quality healthcare.,DR000004,True,True
dr_shahin_ahmed_5,Shahin,Ahmed,dr_shahin_ahmed_5@testmail.com,password123,doctor,"MBBS, FCPS (Medicine)",Assistant Professor,BMDC-945860,Bangabandhu Sheikh Mujib Medical University,8800000000000.0,Experienced doctor providing quality healthcare.,DR000005,True,True
dr_abdur_jaman_6,Abdur,Jaman,dr_abdur_jaman_6@testmail.com,password123,doctor,"MBBS, FCPS (Surgery)",Senior Consultant,BMDC-271793,Combined Military Hospital (CMH),8800000000000.0,Experienced doctor providing quality healthcare.,DR000006,True,True
dr_mohammad_rahman_7,Mohammad,Rahman,dr_mohammad_rahman_7@testmail.com,password123,doctor,"MBBS, FCPS (Medicine)",Associate Professor,BMDC-670336,Ibn Sina Hospital,8800000000000.0,Experienced doctor providing quality healthcare.,DR000007,True,True
dr_hasan_roy_8,Hasan,Roy,dr_hasan_roy_8@testmail.com,password123,doctor,MBBS,Assistant Professor,BMDC-225682,Combined Military Hospital (CMH),8800000000000.0,Experienced doctor providing quality healthcare.,DR000008,True,True
dr_rafi_roy_9,Rafi,Roy,dr_rafi_roy_9@testmail.com,password123,doctor,"MBBS, FCPS",Professor,BMDC-240344,United Hospital Limited,8800000000000.0,Experienced doctor providing quality healthcare.,DR000009,True,True
dr_rakib_talukder_10,Rakib,Talukder,dr_rakib_talukder_10@testmail.com,password123,doctor,"MBBS, FCPS (Surgery)",Professor,BMDC-131145,Sir Salimullah Medical College Hospital,8800000000000.0,Experienced doctor providing quality healthcare.,DR000010,True,True
dr_ashik_talukder_11,Ashik,Talukder,dr_ashik_talukder_11@testmail.com,password123,doctor,"MBBS, MD",Consultant,BMDC-396352,Evercare Hospital Dhaka,8800000000000.0,Experienced doctor providing quality healthcare.,DR000011,True,True
dr_abdul_miah_12,Abdul,Miah,dr_abdul_miah_12@testmail.com,password123,doctor,"MBBS, MD",Professor,BMDC-191780,Bangabandhu Sheikh Mujib Medical University,8800000000000.0,Experienced doctor providing quality healthcare.,DR000012,True,True
dr_imran_rahman_13,Imran,Rahman,dr_imran_rahman_13@testmail.com,password123,doctor,MBBS,Consultant,BMDC-670667,Combined Military Hospital (CMH),8800000000000.0,Experienced doctor providing quality healthcare.,DR000013,True,True
dr_nayeem_uddin_14,Nayeem,Uddin,dr_nayeem_uddin_14@testmail.com,password123,doctor,"MBBS, FCPS (Medicine)",Professor,BMDC-907785,Evercare Hospital Dhaka,8800000000000.0,Experienced doctor providing quality healthcare.,DR000014,True,True
dr_arif_biswas_15,Arif,Biswas,dr_arif_biswas_15@testmail.com,password123,doctor,"MBBS, FCPS (Medicine)",Assistant Professor,BMDC-403605,Kurmitola General Hospital,8800000000000.0,Experienced doctor providing quality healthcare.,DR000015,True,True
dr_rahim_rahman_16,Rahim,Rahman,dr_rahim_rahman_16@testmail.com,password123,doctor,"MBBS, FCPS (Medicine)",Associate Professor,BMDC-515081,Combined Military Hospital (CMH),8800000000000.0,Experienced doctor providing quality healthcare.,DR000016,True,True
dr_sajid_islam_17,Sajid,Islam,dr_sajid_islam_17@testmail.com,password123,doctor,MBBS,Associate Professor,BMDC-326040,Dhaka Medical College Hospital,8800000000000.0,Experienced doctor providing quality healthcare.,DR000017,True,True
dr_tanvir_mondal_18,Tanvir,Mondal,dr_tanvir_mondal_18@testmail.com,password123,doctor,"MBBS, MD",Professor,BMDC-820976,Popular Diagnostic Centre Ltd,8800000000000.0,Experienced doctor providing quality healthcare.,DR000018,True,True
dr_fahim_uddin_19,Fahim,Uddin,dr_fahim_uddin_19@testmail.com,password123,doctor,MBBS,Consultant,BMDC-927263,Square Hospital Ltd,8800000000000.0,Experienced doctor providing quality healthcare.,DR000019,True,True
dr_fahim_jaman_20,Fahim,Jaman,dr_fahim_jaman_20@testmail.com,password123,doctor,"MBBS, FCPS",Associate Professor,BMDC-491324,Square Hospital Ltd,8800000000000.0,Experienced doctor providing quality healthcare.,DR000020,True,True
dr_rahim_haque_21,Rahim,Haque,dr_rahim_haque_21@testmail.com,password123,doctor,MBBS,Assistant Professor,BMDC-540858,Bangabandhu Sheikh Mujib Medical University,8800000000000.0,Experienced doctor providing quality healthcare.,DR000021,True,True
dr_tanvir_rahman_22,Tanvir,Rahman,dr_tanvir_rahman_22@testmail.com,password123,doctor,"MBBS, MD",Professor,BMDC-312032,Square Hospital Ltd,8800000000000.0,Experienced doctor providing quality healthcare.,DR000022,True,True
dr_abdul_biswas_23,Abdul,Biswas,dr_abdul_biswas_23@testmail.com,password123,doctor,MBBS,Professor,BMDC-792800,United Hospital Limited,8800000000000.0,Experienced doctor providing quality healthcare.,DR000023,True,True
dr_shahin_mahmud_24,Shahin,Mahmud,dr_shahin_mahmud_24@testmail.com,password123,doctor,"MBBS, FCPS (Medicine)",Associate Professor,BMDC-154358,Evercare Hospital Dhaka,8800000000000.0,Experienced doctor providing quality healthcare.,DR000024,True,True
dr_ashik_biswas_25,Ashik,Biswas,dr_ashik_biswas_25@testmail.com,password123,doctor,"MBBS, FCPS (Surgery)",Consultant,BMDC-379199,Labaid Specialized Hospital,8800000000000.0,Experienced doctor providing quality healthcare.,DR000025,True,True
dr_mahmud_jaman_26,Mahmud,Jaman,dr_mahmud_jaman_26@testmail.com,password123,doctor,"MBBS, FCPS",Senior Consultant,BMDC-108792,Kurmitola General Hospital,8800000000000.0,Experienced doctor providing quality healthcare.,DR000026,True,True
dr_nayeem_roy_27,Nayeem,Roy,dr_nayeem_roy_27@testmail.com,password123,doctor,"MBBS, MD",Senior Consultant,BMDC-622717,Square Hospital Ltd,8800000000000.0,Experienced doctor providing quality healthcare.,DR000027,True,True
dr_rakib_alam_28,Rakib,Alam,dr_rakib_alam_28@testmail.com,password123,doctor,"MBBS, FCPS",Consultant,BMDC-514706,Labaid Specialized Hospital,8800000000000.0,Experienced doctor providing quality healthcare.,DR000028,True,True
dr_tanvir_alam_29,Tanvir,Alam,dr_tanvir_alam_29@testmail.com,password123,doctor,"MBBS, MD",Assistant Professor,BMDC-486835,Popular Diagnostic Centre Ltd,8800000000000.0,Experienced doctor providing quality healthcare.,DR000029,True,True
dr_nayeem_jaman_30,Nayeem,Jaman,dr_nayeem_jaman_30@testmail.com,password123,doctor,"MBBS, FCPS (Medicine)",Professor,BMDC-802832,Popular Diagnostic Centre Ltd,8800000000000.0,Experienced doctor providing quality healthcare.,DR000030,True,True
dr_rakib_sarker_31,Rakib,Sarker,dr_rakib_sarker_31@testmail.com,password123,doctor,"MBBS, FCPS",Senior Consultant,BMDC-683824,Dhaka Medical College Hospital,8800000000000.0,Experienced doctor providing quality healthcare.,DR000031,True,True
dr_sakib_rahman_32,Sakib,Rahman,dr_sakib_rahman_32@testmail.com,password123,doctor,"MBBS, MD",Consultant,BMDC-641865,Popular Diagnostic Centre Ltd,8800000000000.0,Experienced doctor providing quality healthcare.,DR000032,True,True
dr_rahim_miah_33,Rahim,Miah,dr_rahim_miah_33@testmail.com,password123,doctor,MBBS,Senior Consultant,BMDC-495951,Kurmitola General Hospital,8800000000000.0,Experienced doctor providing quality healthcare.,DR000033,True,True
dr_fahim_alam_34,Fahim,Alam,dr_fahim_alam_34@testmail.com,password123,doctor,"MBBS, FCPS",Professor,BMDC-872051,United Hospital Limited,8800000000000.0,Experienced doctor providing quality healthcare.,DR000034,True,True
dr_mahmud_miah_35,Mahmud,Miah,dr_mahmud_miah_35@testmail.com,password123,doctor,"MBBS, MD",Professor,BMDC-172752,Labaid Specialized Hospital,8800000000000.0,Experienced doctor providing quality healthcare.,DR000035,True,True
dr_rafi_biswas_36,Rafi,Biswas,dr_rafi_biswas_36@testmail.com,password123,doctor,"MBBS, MD",Assistant Professor,BMDC-408599,Kurmitola General Hospital,8800000000000.0,Experienced doctor providing quality healthcare.,DR000036,True,True
dr_fahim_haque_37,Fahim,Haque,dr_fahim_haque_37@testmail.com,password123,doctor,MBBS,Professor,BMDC-786588,Bangabandhu Sheikh Mujib Medical University,8800000000000.0,Experienced doctor providing quality healthcare.,DR000037,True,True
dr_ashik_jaman_38,Ashik,Jaman,dr_ashik_jaman_38@testmail.com,password123,doctor,"MBBS, FCPS (Surgery)",Professor,BMDC-252423,Combined Military Hospital (CMH),8800000000000.0,Experienced doctor providing quality healthcare.,DR000038,True,True
dr_ashik_hossain_39,Ashik,Hossain,dr_ashik_hossain_39@testmail.com,password123,doctor,MBBS,Consultant,BMDC-424127,Popular Diagnostic Centre Ltd,8800000000000.0,Experienced doctor providing quality healthcare.,DR000039,True,True
dr_rahim_sheikh_40,Rahim,Sheikh,dr_rahim_sheikh_40@testmail.com,password123,doctor,"MBBS, MD",Senior Consultant,BMDC-800654,Sir Salimullah Medical College Hospital,8800000000000.0,Experienced doctor providing quality healthcare.,DR000040,True,True
dr_nayeem_islam_41,Nayeem,Islam,dr_nayeem_islam_41@testmail.com,password123,doctor,"MBBS, FCPS (Medicine)",Associate Professor,BMDC-856443,Evercare Hospital Dhaka,8800000000000.0,Experienced doctor providing quality healthcare.,DR000041,True,True
dr_tanvir_das_42,Tanvir,Das,dr_tanvir_das_42@testmail.com,password123,doctor,"MBBS, FCPS (Medicine)",Professor,BMDC-612087,Evercare Hospital Dhaka,8800000000000.0,Experienced doctor providing quality healthcare.,DR000042,True,True
dr_fahim_sarker_43,Fahim,Sarker,dr_fahim_sarker_43@testmail.com,password123,doctor,MBBS,Professor,BMDC-452082,Evercare Hospital Dhaka,8800000000000.0,Experienced doctor providing quality healthcare.,DR000043,True,True
dr_karim_jaman_44,Karim,Jaman,dr_karim_jaman_44@testmail.com,password123,doctor,MBBS,Associate Professor,BMDC-658556,Bangabandhu Sheikh Mujib Medical University,8800000000000.0,Experienced doctor providing quality healthcare.,DR000044,True,True
dr_hasan_alam_45,Hasan,Alam,dr_hasan_alam_45@testmail.com,password123,doctor,"MBBS, FCPS",Associate Professor,BMDC-113538,Labaid Specialized Hospital,8800000000000.0,Experienced doctor providing quality healthcare.,DR000045,True,True
dr_imran_das_46,Imran,Das,dr_imran_das_46@testmail.com,password123,doctor,"MBBS, FCPS (Surgery)",Assistant Professor,BMDC-872747,Square Hospital Ltd,8800000000000.0,Experienced doctor providing quality healthcare.,DR000046,True,True
dr_fahim_talukder_47,Fahim,Talukder,dr_fahim_talukder_47@testmail.com,password123,doctor,"MBBS, FCPS (Medicine)",Associate Professor,BMDC-496614,Evercare Hospital Dhaka,8800000000000.0,Experienced doctor providing quality healthcare.,DR000047,True,True
dr_abdur_talukder_48,Abdur,Talukder,dr_abdur_talukder_48@testmail.com,password123,doctor,"MBBS, FCPS (Surgery)",Professor,BMDC-530847,United Hospital Limited,8800000000000.0,Experienced doctor providing quality healthcare.,DR000048,True,True
dr_arif_sarker_49,Arif,Sarker,dr_arif_sarker_49@testmail.com,password123,doctor,MBBS,Consultant,BMDC-256710,United Hospital Limited,8800000000000.0,Experienced doctor providing quality healthcare.,DR000049,True,True
dr_fahim_biswas_50,Fahim,Biswas,dr_fahim_biswas_50@testmail.com,password123,doctor,MBBS,Consultant,BMDC-181369,Sir Salimullah Medical College Hospital,8800000000000.0,Experienced doctor providing quality healthcare.,DR000050,True,True
dr_hasan_haque_51,Hasan,Haque,dr_hasan_haque_51@testmail.com,password123,doctor,"MBBS, FCPS",Senior Consultant,BMDC-598336,Dhaka Medical College Hospital,8800000000000.0,Experienced doctor providing quality healthcare.,DR000051,True,True
dr_md_haque_52,Md,Haque,dr_md_haque_52@testmail.com,password123,doctor,"MBBS, FCPS",Senior Consultant,BMDC-151866,Ibn Sina Hospital,8800000000000.0,Experienced doctor providing quality healthcare.,DR000052,True,True
dr_md_islam_53,Md,Islam,dr_md_islam_53@testmail.com,password123,doctor,"MBBS, FCPS (Surgery)",Associate Professor,BMDC-875142,Ibn Sina Hospital,8800000000000.0,Experienced doctor providing quality healthcare.,DR000053,True,True
dr_rakib_chowdhury_54,Rakib,Chowdhury,dr_rakib_chowdhury_54@testmail.com,password123,doctor,MBBS,Assistant Professor,BMDC-911583,Bangabandhu Sheikh Mujib Medical University,8800000000000.0,Experienced doctor providing quality healthcare.,DR000054,True,True
dr_fahim_das_55,Fahim,Das,dr_fahim_das_55@testmail.com,password123,doctor,"MBBS, FCPS (Medicine)",Senior Consultant,BMDC-711663,Popular Diagnostic Centre Ltd,8800000000000.0,Experienced doctor providing quality healthcare.,DR000055,True,True
dr_rahim_miah_56,Rahim,Miah,dr_rahim_miah_56@testmail.com,password123,doctor,"MBBS, FCPS (Medicine)",Senior Consultant,BMDC-387450,Bangabandhu Sheikh Mujib Medical University,8800000000000.0,Experienced doctor providing quality healthcare.,DR000056,True,True
dr_sajid_islam_57,Sajid,Islam,dr_sajid_islam_57@testmail.com,password123,doctor,MBBS,Consultant,BMDC-331454,Square Hospital Ltd,8800000000000.0,Experienced doctor providing quality healthcare.,DR000057,True,True
dr_mohammad_miah_58,Mohammad,Miah,dr_mohammad_miah_58@testmail.com,password123,doctor,"MBBS, FCPS",Associate Professor,BMDC-528747,Bangabandhu Sheikh Mujib Medical University,8800000000000.0,Experienced doctor providing quality healthcare.,DR000058,True,True
dr_arif_alam_59,Arif,Alam,dr_arif_alam_59@testmail.com,password123,doctor,"MBBS, FCPS (Medicine)",Senior Consultant,BMDC-768185,Kurmitola General Hospital,8800000000000.0,Experienced doctor providing quality healthcare.,DR000059,True,True
dr_saiful_kabir_60,Saiful,Kabir,dr_saiful_kabir_60@testmail.com,password123,doctor,"MBBS, FCPS (Medicine)",Senior Consultant,BMDC-226477,Dhaka Medical College Hospital,8800000000000.0,Experienced doctor providing quality healthcare.,DR000060,True,True
dr_shahin_ahmed_61,Shahin,Ahmed,dr_shahin_ahmed_61@testmail.com,password123,doctor,"MBBS, FCPS (Surgery)",Consultant,BMDC-914363,Square Hospital Ltd,8800000000000.0,Experienced doctor providing quality healthcare.,DR000061,True,True
dr_abdur_chowdhury_62,Abdur,Chowdhury,dr_abdur_chowdhury_62@testmail.com,password123,doctor,"MBBS, FCPS (Medicine)",Consultant,BMDC-458701,Popular Diagnostic Centre Ltd,8800000000000.0,Experienced doctor providing quality healthcare.,DR000062,True,True
dr_tanvir_roy_63,Tanvir,Roy,dr_tanvir_roy_63@testmail.com,password123,doctor,"MBBS, MD",Consultant,BMDC-172745,Combined Military Hospital (CMH),8800000000000.0,Experienced doctor providing quality healthcare.,DR000063,True,True
dr_hasan_chowdhury_64,Hasan,Chowdhury,dr_hasan_chowdhury_64@testmail.com,password123,doctor,"MBBS, MD",Senior Consultant,BMDC-972461,Evercare Hospital Dhaka,8800000000000.0,Experienced doctor providing quality healthcare.,DR000064,True,True
dr_abdul_mondal_65,Abdul,Mondal,dr_abdul_mondal_65@testmail.com,password123,doctor,"MBBS, FCPS (Medicine)",Professor,BMDC-416595,Popular Diagnostic Centre Ltd,8800000000000.0,Experienced doctor providing quality healthcare.,DR000065,True,True
dr_sakib_mondal_66,Sakib,Mondal,dr_sakib_mondal_66@testmail.com,password123,doctor,"MBBS, FCPS (Surgery)",Associate Professor,BMDC-790685,Ibn Sina Hospital,8800000000000.0,Experienced doctor providing quality healthcare.,DR000066,True,True
dr_imran_ahmed_67,Imran,Ahmed,dr_imran_ahmed_67@testmail.com,password123,doctor,MBBS,Assistant Professor,BMDC-111188,Ibn Sina Hospital,8800000000000.0,Experienced doctor providing quality healthcare.,DR000067,True,True
dr_shahin_roy_68,Shahin,Roy,dr_shahin_roy_68@testmail.com,password123,doctor,MBBS,Senior Consultant,BMDC-218355,Bangabandhu Sheikh Mujib Medical University,8800000000000.0,Experienced doctor providing quality healthcare.,DR000068,True,True
dr_sakib_rahman_69,Sakib,Rahman,dr_sakib_rahman_69@testmail.com,password123,doctor,"MBBS, FCPS (Medicine)",Consultant,BMDC-229849,Labaid Specialized Hospital,8800000000000.0,Experienced doctor providing quality healthcare.,DR000069,True,True
dr_karim_alam_70,Karim,Alam,dr_karim_alam_70@testmail.com,password123,doctor,"MBBS, FCPS",Senior Consultant,BMDC-577928,Evercare Hospital Dhaka,8800000000000.0,Experienced doctor providing quality healthcare.,DR000070,True,True
dr_abdur_biswas_71,Abdur,Biswas,dr_abdur_biswas_71@testmail.com,password123,doctor,MBBS,Assistant Professor,BMDC-689456,United Hospital Limited,8800000000000.0,Experienced doctor providing quality healthcare.,DR000071,True,True
dr_abdur_hossain_72,Abdur,Hossain,dr_abdur_hossain_72@testmail.com,password123,doctor,"MBBS, FCPS (Surgery)",Consultant,BMDC-664222,Labaid Specialized Hospital,8800000000000.0,Experienced doctor providing quality healthcare.,DR000072,True,True
dr_md_islam_73,Md,Islam,dr_md_islam_73@testmail.com,password123,doctor,"MBBS, FCPS (Surgery)",Professor,BMDC-442722,Evercare Hospital Dhaka,8800000000000.0,Experienced doctor providing quality healthcare.,DR000073,True,True
dr_abdul_mondal_74,Abdul,Mondal,dr_abdul_mondal_74@testmail.com,password123,doctor,MBBS,Assistant Professor,BMDC-872350,Labaid Specialized Hospital,8800000000000.0,Experienced doctor providing quality healthcare.,DR000074,True,True
dr_imran_hossain_75,Imran,Hossain,dr_imran_hossain_75@testmail.com,password123,doctor,"MBBS, FCPS (Surgery)",Assistant Professor,BMDC-890953,Square Hospital Ltd,8800000000000.0,Experienced doctor providing quality healthcare.,DR000075,True,True
dr_fahim_islam_76,Fahim,Islam,dr_fahim_islam_76@testmail.com,password123,doctor,"MBBS, FCPS (Surgery)",Consultant,BMDC-876741,Labaid Specialized Hospital,8800000000000.0,Experienced doctor providing quality healthcare.,DR000076,True,True
dr_saiful_talukder_77,Saiful,Talukder,dr_saiful_talukder_77@testmail.com,password123,doctor,"MBBS, MD",Assistant Professor,BMDC-457833,Square Hospital Ltd,8800000000000.0,Experienced doctor providing quality healthcare.,DR000077,True,True
dr_abdul_mondal_78,Abdul,Mondal,dr_abdul_mondal_78@testmail.com,password123,doctor,"MBBS, FCPS (Surgery)",Associate Professor,BMDC-577296,Bangabandhu Sheikh Mujib Medical University,8800000000000.0,Experienced doctor providing quality healthcare.,DR000078,True,True
dr_arif_chowdhury_79,Arif,Chowdhury,dr_arif_chowdhury_79@testmail.com,password123,doctor,"MBBS, MD",Professor,BMDC-829232,Evercare Hospital Dhaka,8800000000000.0,Experienced doctor providing quality healthcare.,DR000079,True,True
dr_mohammad_sheikh_80,Mohammad,Sheikh,dr_mohammad_sheikh_80@testmail.com,password123,doctor,MBBS,Senior Consultant,BMDC-605836,Bangabandhu Sheikh Mujib Medical University,8800000000000.0,Experienced doctor providing quality healthcare.,DR000080,True,True
dr_rafi_mondal_81,Rafi,Mondal,dr_rafi_mondal_81@testmail.com,password123,doctor,"MBBS, FCPS",Associate Professor,BMDC-537895,Labaid Specialized Hospital,8800000000000.0,Experienced doctor providing quality healthcare.,DR000081,True,True
dr_shahin_roy_82,Shahin,Roy,dr_shahin_roy_82@testmail.com,password123,doctor,"MBBS, FCPS",Consultant,BMDC-394826,Popular Diagnostic Centre Ltd,8800000000000.0,Experienced doctor providing quality healthcare.,DR000082,True,True
dr_rakib_haque_83,Rakib,Haque,dr_rakib_haque_83@testmail.com,password123,doctor,"MBBS, FCPS (Surgery)",Professor,BMDC-638406,Combined Military Hospital (CMH),8800000000000.0,Experienced doctor providing quality healthcare.,DR000083,True,True
dr_karim_jaman_84,Karim,Jaman,dr_karim_jaman_84@testmail.com,password123,doctor,"MBBS, FCPS (Medicine)",Assistant Professor,BMDC-110832,Dhaka Medical College Hospital,8800000000000.0,Experienced doctor providing quality healthcare.,DR000084,True,True
dr_md_biswas_85,Md,Biswas,dr_md_biswas_85@testmail.com,password123,doctor,"MBBS, FCPS (Surgery)",Professor,BMDC-510814,Square Hospital Ltd,8800000000000.0,Experienced doctor providing quality healthcare.,DR000085,True,True
dr_rahim_haque_86,Rahim,Haque,dr_rahim_haque_86@testmail.com,password123,doctor,"MBBS, FCPS (Medicine)",Assistant Professor,BMDC-443024,Labaid Specialized Hospital,8800000000000.0,Experienced doctor providing quality healthcare.,DR000086,True,True
dr_imran_kabir_87,Imran,Kabir,dr_imran_kabir_87@testmail.com,password123,doctor,MBBS,Associate Professor,BMDC-311011,Combined Military Hospital (CMH),8800000000000.0,Experienced doctor providing quality healthcare.,DR000087,True,True
dr_shahin_islam_88,Shahin,Islam,dr_shahin_islam_88@testmail.com,password123,doctor,"MBBS, FCPS",Associate Professor,BMDC-404358,Sir Salimullah Medical College Hospital,8800000000000.0,Experienced doctor providing quality healthcare.,DR000088,True,True
dr_ashik_sheikh_89,Ashik,Sheikh,dr_ashik_sheikh_89@testmail.com,password123,doctor,"MBBS, FCPS (Medicine)",Consultant,BMDC-527701,Square Hospital Ltd,8800000000000.0,Experienced doctor providing quality healthcare.,DR000089,True,True
dr_rakib_talukder_90,Rakib,Talukder,dr_rakib_talukder_90@testmail.com,password123,doctor,"MBBS, FCPS (Surgery)",Senior Consultant,BMDC-544007,Evercare Hospital Dhaka,8800000000000.0,Experienced doctor providing quality healthcare.,DR000090,True,True
dr_fahim_islam_91,Fahim,Islam,dr_fahim_islam_91@testmail.com,password123,doctor,"MBBS, FCPS (Medicine)",Associate Professor,BMDC-468236,Square Hospital Ltd,8800000000000.0,Experienced doctor providing quality healthcare.,DR000091,True,True
dr_hasan_mondal_92,Hasan,Mondal,dr_hasan_mondal_92@testmail.com,password123,doctor,"MBBS, MD",Associate Professor,BMDC-885039,Labaid Specialized Hospital,8800000000000.0,Experienced doctor providing quality healthcare.,DR000092,True,True
dr_sajid_chowdhury_93,Sajid,Chowdhury,dr_sajid_chowdhury_93@testmail.com,password123,doctor,"MBBS, FCPS (Surgery)",Associate Professor,BMDC-695119,Sir Salimullah Medical College Hospital,8800000000000.0,Experienced doctor providing quality healthcare.,DR000093,True,True
dr_saiful_sarker_94,Saiful,Sarker,dr_saiful_sarker_94@testmail.com,password123,doctor,MBBS,Associate Professor,BMDC-304266,Ibn Sina Hospital,8800000000000.0,Experienced doctor providing quality healthcare.,DR000094,True,True
dr_arif_khan_95,Arif,Khan,dr_arif_khan_95@testmail.com,password123,doctor,MBBS,Senior Consultant,BMDC-549494,Ibn Sina Hospital,8800000000000.0,Experienced doctor providing quality healthcare.,DR000095,True,True
dr_tanvir_islam_96,Tanvir,Islam,dr_tanvir_islam_96@testmail.com,password123,doctor,"MBBS, FCPS",Consultant,BMDC-514311,Dhaka Medical College Hospital,8800000000000.0,Experienced doctor providing quality healthcare.,DR000096,True,True
dr_mahmud_das_97,Mahmud,Das,dr_mahmud_das_97@testmail.com,password123,doctor,"MBBS, FCPS (Surgery)",Assistant Professor,BMDC-122343,Sir Salimullah Medical College Hospital,8800000000000.0,Experienced doctor providing quality healthcare.,DR000097,True,True
dr_nayeem_sarker_98,Nayeem,Sarker,dr_nayeem_sarker_98@testmail.com,password123,doctor,"MBBS, FCPS",Associate Professor,BMDC-111264,Popular Diagnostic Centre Ltd,8800000000000.0,Experienced doctor providing quality healthcare.,DR000098,True,True
dr_md_mondal_99,Md,Mondal,dr_md_mondal_99@testmail.com,password123,doctor,MBBS,Associate Professor,BMDC-225761,Popular Diagnostic Centre Ltd,8800000000000.0,Experienced doctor providing quality healthcare.,DR000099,True,True
dr_arif_hossain_100,Arif,Hossain,dr_arif_hossain_100@testmail.com,password123,doctor,"MBBS, FCPS",Associate Professor,BMDC-338791,Kurmitola General Hospital,8800000000000.0,Experienced doctor providing quality healthcare.,DR000100,True,True
dr_arif_alam_101,Arif,Alam,dr_arif_alam_101@testmail.com,password123,doctor,MBBS,Professor,BMDC-697721,United Hospital Limited,8800000000000.0,Experienced doctor providing quality healthcare.,DR000101,True,True
dr_shahin_sarker_102,Shahin,Sarker,dr_shahin_sarker_102@testmail.com,password123,doctor,"MBBS, FCPS (Medicine)",Senior Consultant,BMDC-164442,Combined Military Hospital (CMH),8800000000000.0,Experienced doctor providing quality healthcare.,DR000102,True,True
dr_sajid_mondal_103,Sajid,Mondal,dr_sajid_mondal_103@testmail.com,password123,doctor,"MBBS, FCPS (Surgery)",Associate Professor,BMDC-541266,Evercare Hospital Dhaka,8800000000000.0,Experienced doctor providing quality healthcare.,DR000103,True,True
dr_rahim_miah_104,Rahim,Miah,dr_rahim_miah_104@testmail.com,password123,doctor,"MBBS, FCPS",Professor,BMDC-195828,United Hospital Limited,8800000000000.0,Experienced doctor providing quality healthcare.,DR000104,True,True
dr_ashik_chowdhury_105,Ashik,Chowdhury,dr_ashik_chowdhury_105@testmail.com,password123,doctor,"MBBS, FCPS (Surgery)",Professor,BMDC-258220,United Hospital Limited,8800000000000.0,Experienced doctor providing quality healthcare.,DR000105,True,True
dr_ashik_sarker_106,Ashik,Sarker,dr_ashik_sarker_106@testmail.com,password123,doctor,"MBBS, FCPS (Surgery)",Consultant,BMDC-389718,United Hospital Limited,8800000000000.0,Experienced doctor providing quality healthcare.,DR000106,True,True
dr_ashik_miah_107,Ashik,Miah,dr_ashik_miah_107@testmail.com,password123,doctor,"MBBS, MD",Assistant Professor,BMDC-597114,Sir Salimullah Medical College Hospital,8800000000000.0,Experienced doctor providing quality healthcare.,DR000107,True,True
dr_rakib_talukder_108,Rakib,Talukder,dr_rakib_talukder_108@testmail.com,password123,doctor,"MBBS, FCPS (Medicine)",Professor,BMDC-721571,Popular Diagnostic Centre Ltd,8800000000000.0,Experienced doctor providing quality healthcare.,DR000108,True,True
dr_mahmud_hossain_109,Mahmud,Hossain,dr_mahmud_hossain_109@testmail.com,password123,doctor,"MBBS, MD",Professor,BMDC-439559,Dhaka Medical College Hospital,8800000000000.0,Experienced doctor providing quality healthcare.,DR000109,True,True
dr_imran_biswas_110,Imran,Biswas,dr_imran_biswas_110@testmail.com,password123,doctor,MBBS,Senior Consultant,BMDC-152433,Combined Military Hospital (CMH),8800000000000.0,Experienced doctor providing quality healthcare.,DR000110,True,True
dr_saiful_roy_111,Saiful,Roy,dr_saiful_roy_111@testmail.com,password123,doctor,"MBBS, FCPS (Surgery)",Professor,BMDC-418661,Dhaka Medical College Hospital,8800000000000.0,Experienced doctor providing quality healthcare.,DR000111,True,True
dr_nayeem_mahmud_112,Nayeem,Mahmud,dr_nayeem_mahmud_112@testmail.com,password123,doctor,"MBBS, FCPS (Surgery)",Senior Consultant,BMDC-545771,United Hospital Limited,8800000000000.0,Experienced doctor providing quality healthcare.,DR000112,True,True
dr_saiful_rahman_113,Saiful,Rahman,dr_saiful_rahman_113@testmail.com,password123,doctor,MBBS,Consultant,BMDC-724560,Kurmitola General Hospital,8800000000000.0,Experienced doctor providing quality healthcare.,DR000113,True,True
dr_sakib_ahmed_114,Sakib,Ahmed,dr_sakib_ahmed_114@testmail.com,password123,doctor,"MBBS, MD",Professor,BMDC-224168,Sir Salimullah Medical College Hospital,8800000000000.0,Experienced doctor providing quality healthcare.,DR000114,True,True
dr_ashik_islam_115,Ashik,Islam,dr_ashik_islam_115@testmail.com,password123,doctor,"MBBS, FCPS (Surgery)",Senior Consultant,BMDC-323294,Sir Salimullah Medical College Hospital,8800000000000.0,Experienced doctor providing quality healthcare.,DR000115,True,True
dr_fahim_alam_116,Fahim,Alam,dr_fahim_alam_116@testmail.com,password123,doctor,"MBBS, FCPS",Professor,BMDC-561918,Kurmitola General Hospital,8800000000000.0,Experienced doctor providing quality healthcare.,DR000116,True,True
dr_shahin_biswas_117,Shahin,Biswas,dr_shahin_biswas_117@testmail.com,password123,doctor,"MBBS, FCPS (Surgery)",Professor,BMDC-815475,Combined Military Hospital (CMH),8800000000000.0,Experienced doctor providing quality healthcare.,DR000117,True,True
dr_abdur_islam_118,Abdur,Islam,dr_abdur_islam_118@testmail.com,password123,doctor,"MBBS, FCPS",Senior Consultant,BMDC-924697,Dhaka Medical College Hospital,8800000000000.0,Experienced doctor providing quality healthcare.,DR000118,True,True
dr_rakib_hossain_119,Rakib,Hossain,dr_rakib_hossain_119@testmail.com,password123,doctor,"MBBS, FCPS (Surgery)",Consultant,BMDC-996599,Dhaka Medical College Hospital,8800000000000.0,Experienced doctor providing quality healthcare.,DR000119,True,True
dr_rahim_rahman_120,Rahim,Rahman,dr_rahim_rahman_120@testmail.com,password123,doctor,"MBBS, FCPS",Assistant Professor,BMDC-695069,Labaid Specialized Hospital,8800000000000.0,Experienced doctor providing quality healthcare.,DR000120,True,True
dr_nayeem_islam_121,Nayeem,Islam,dr_nayeem_islam_121@testmail.com,password123,doctor,MBBS,Senior Consultant,BMDC-326443,Bangabandhu Sheikh Mujib Medical University,8800000000000.0,Experienced doctor providing quality healthcare.,DR000121,True,True
dr_hasan_miah_122,Hasan,Miah,dr_hasan_miah_122@testmail.com,password123,doctor,"MBBS, FCPS (Surgery)",Assistant Professor,BMDC-915745,Combined Military Hospital (CMH),8800000000000.0,Experienced doctor providing quality healthcare.,DR000122,True,True
dr_mahmud_mondal_123,Mahmud,Mondal,dr_mahmud_mondal_123@testmail.com,password123,doctor,"MBBS, FCPS (Surgery)",Consultant,BMDC-283695,Sir Salimullah Medical College Hospital,8800000000000.0,Experienced doctor providing quality healthcare.,DR000123,True,True
dr_tanvir_khan_124,Tanvir,Khan,dr_tanvir_khan_124@testmail.com,password123,doctor,MBBS,Associate Professor,BMDC-402610,Combined Military Hospital (CMH),8800000000000.0,Experienced doctor providing quality healthcare.,DR000124,True,True
dr_saiful_ahmed_125,Saiful,Ahmed,dr_saiful_ahmed_125@testmail.com,password123,doctor,MBBS,Associate Professor,BMDC-203618,Kurmitola General Hospital,8800000000000.0,Experienced doctor providing quality healthcare.,DR000125,True,True
dr_rahim_khan_126,Rahim,Khan,dr_rahim_khan_126@testmail.com,password123,doctor,MBBS,Senior Consultant,BMDC-425334,Popular Diagnostic Centre Ltd,8800000000000.0,Experienced doctor providing quality healthcare.,DR000126,True,True
dr_ashik_kabir_127,Ashik,Kabir,dr_ashik_kabir_127@testmail.com,password123,doctor,"MBBS, FCPS (Surgery)",Senior Consultant,BMDC-797494,Bangabandhu Sheikh Mujib Medical University,8800000000000.0,Experienced doctor providing quality healthcare.,DR000127,True,True
dr_md_talukder_128,Md,Talukder,dr_md_talukder_128@testmail.com,password123,doctor,"MBBS, FCPS (Surgery)",Professor,BMDC-773464,Ibn Sina Hospital,8800000000000.0,Experienced doctor providing quality healthcare.,DR000128,True,True
dr_nayeem_mahmud_129,Nayeem,Mahmud,dr_nayeem_mahmud_129@testmail.com,password123,doctor,"MBBS, MD",Professor,BMDC-949853,Kurmitola General Hospital,8800000000000.0,Experienced doctor providing quality healthcare.,DR000129,True,True
dr_saiful_sheikh_130,Saiful,Sheikh,dr_saiful_sheikh_130@testmail.com,password123,doctor,MBBS,Assistant Professor,BMDC-329060,Square Hospital Ltd,8800000000000.0,Experienced doctor providing quality healthcare.,DR000130,True,True
dr_fahim_haque_131,Fahim,Haque,dr_fahim_haque_131@testmail.com,password123,doctor,"MBBS, FCPS (Medicine)",Consultant,BMDC-713023,United Hospital Limited,8800000000000.0,Experienced doctor providing quality healthcare.,DR000131,True,True
dr_ashik_miah_132,Ashik,Miah,dr_ashik_miah_132@testmail.com,password123,doctor,"MBBS, FCPS (Surgery)",Associate Professor,BMDC-160507,Combined Military Hospital (CMH),8800000000000.0,Experienced doctor providing quality healthcare.,DR000132,True,True
dr_karim_haque_133,Karim,Haque,dr_karim_haque_133@testmail.com,password123,doctor,"MBBS, FCPS",Consultant,BMDC-902795,Kurmitola General Hospital,8800000000000.0,Experienced doctor providing quality healthcare.,DR000133,True,True
dr_rafi_rahman_134,Rafi,Rahman,dr_rafi_rahman_134@testmail.com,password123,doctor,"MBBS, FCPS",Assistant Professor,BMDC-796753,Evercare Hospital Dhaka,8800000000000.0,Experienced doctor providing quality healthcare.,DR000134,True,True
dr_karim_hossain_135,Karim,Hossain,dr_karim_hossain_135@testmail.com,password123,doctor,"MBBS, FCPS (Surgery)",Senior Consultant,BMDC-646634,Combined Military Hospital (CMH),8800000000000.0,Experienced doctor providing quality healthcare.,DR000135,True,True
dr_fahim_alam_136,Fahim,Alam,dr_fahim_alam_136@testmail.com,password123,doctor,"MBBS, MD",Associate Professor,BMDC-949898,Square Hospital Ltd,8800000000000.0,Experienced doctor providing quality healthcare.,DR000136,True,True
dr_abdur_khan_137,Abdur,Khan,dr_abdur_khan_137@testmail.com,password123,doctor,"MBBS, FCPS (Medicine)",Professor,BMDC-750898,Bangabandhu Sheikh Mujib Medical University,8800000000000.0,Experienced doctor providing quality healthcare.,DR000137,True,True
dr_fahim_mondal_138,Fahim,Mondal,dr_fahim_mondal_138@testmail.com,password123,doctor,"MBBS, FCPS",Assistant Professor,BMDC-618147,Kurmitola General Hospital,8800000000000.0,Experienced doctor providing quality healthcare.,DR000138,True,True
dr_ashik_sheikh_139,Ashik,Sheikh,dr_ashik_sheikh_139@testmail.com,password123,doctor,"MBBS, FCPS (Surgery)",Senior Consultant,BMDC-362847,Popular Diagnostic Centre Ltd,8800000000000.0,Experienced doctor providing quality healthcare.,DR000139,True,True
dr_rakib_khan_140,Rakib,Khan,dr_rakib_khan_140@testmail.com,password123,doctor,"MBBS, FCPS (Medicine)",Professor,BMDC-235016,Ibn Sina Hospital,8800000000000.0,Experienced doctor providing quality healthcare.,DR000140,True,True
dr_arif_ahmed_141,Arif,Ahmed,dr_arif_ahmed_141@testmail.com,password123,doctor,"MBBS, MD",Senior Consultant,BMDC-715941,Dhaka Medical College Hospital,8800000000000.0,Experienced doctor providing quality healthcare.,DR000141,True,True
dr_nayeem_mahmud_142,Nayeem,Mahmud,dr_nayeem_mahmud_142@testmail.com,password123,doctor,"MBBS, FCPS (Medicine)",Professor,BMDC-912778,Ibn Sina Hospital,8800000000000.0,Experienced doctor providing quality healthcare.,DR000142,True,True
dr_mahmud_haque_143,Mahmud,Haque,dr_mahmud_haque_143@testmail.com,password123,doctor,"MBBS, MD",Consultant,BMDC-629882,Sir Salimullah Medical College Hospital,8800000000000.0,Experienced doctor providing quality healthcare.,DR000143,True,True
dr_rahim_mahmud_144,Rahim,Mahmud,dr_rahim_mahmud_144@testmail.com,password123,doctor,"MBBS, MD",Assistant Professor,BMDC-915861,Sir Salimullah Medical College Hospital,8800000000000.0,Experienced doctor providing quality healthcare.,DR000144,True,True
dr_tanvir_jaman_145,Tanvir,Jaman,dr_tanvir_jaman_145@testmail.com,password123,doctor,MBBS,Consultant,BMDC-724093,Dhaka Medical College Hospital,8800000000000.0,Experienced doctor providing quality healthcare.,DR000145,True,True
dr_rahim_kabir_146,Rahim,Kabir,dr_rahim_kabir_146@testmail.com,password123,doctor,"MBBS, MD",Consultant,BMDC-991835,Kurmitola General Hospital,8800000000000.0,Experienced doctor providing quality healthcare.,DR000146,True,True
dr_rafi_mondal_147,Rafi,Mondal,dr_rafi_mondal_147@testmail.com,password123,doctor,"MBBS, FCPS (Surgery)",Consultant,BMDC-920260,Ibn Sina Hospital,8800000000000.0,Experienced doctor providing quality healthcare.,DR000147,True,True
dr_sakib_sarker_148,Sakib,Sarker,dr_sakib_sarker_148@testmail.com,password123,doctor,"MBBS, FCPS (Surgery)",Professor,BMDC-631866,Labaid Specialized Hospital,8800000000000.0,Experienced doctor providing quality healthcare.,DR000148,True,True
dr_abdur_roy_149,Abdur,Roy,dr_abdur_roy_149@testmail.com,password123,doctor,"MBBS, FCPS (Surgery)",Professor,BMDC-831798,Popular Diagnostic Centre Ltd,8800000000000.0,Experienced doctor providing quality healthcare.,DR000149,True,True
dr_rahim_miah_150,Rahim,Miah,dr_rahim_miah_150@testmail.com,password123,doctor,MBBS,Associate Professor,BMDC-557176,Sir Salimullah Medical College Hospital,8800000000000.0,Experienced doctor providing quality healthcare.,DR000150,True,True
dr_shahin_uddin_151,Shahin,Uddin,dr_shahin_uddin_151@testmail.com,password123,doctor,"MBBS, FCPS",Associate Professor,BMDC-657935,Ibn Sina Hospital,8800000000000.0,Experienced doctor providing quality healthcare.,DR000151,True,True
dr_hasan_rahman_152,Hasan,Rahman,dr_hasan_rahman_152@testmail.com,password123,doctor,"MBBS, FCPS (Surgery)",Associate Professor,BMDC-617928,Kurmitola General Hospital,8800000000000.0,Experienced doctor providing quality healthcare.,DR000152,True,True
dr_mohammad_jaman_153,Mohammad,Jaman,dr_mohammad_jaman_153@testmail.com,password123,doctor,"MBBS, FCPS (Surgery)",Consultant,BMDC-964289,Combined Military Hospital (CMH),8800000000000.0,Experienced doctor providing quality healthcare.,DR000153,True,True
dr_imran_das_154,Imran,Das,dr_imran_das_154@testmail.com,password123,doctor,"MBBS, MD",Assistant Professor,BMDC-187322,Labaid Specialized Hospital,8800000000000.0,Experienced doctor providing quality healthcare.,DR000154,True,True
dr_nayeem_kabir_155,Nayeem,Kabir,dr_nayeem_kabir_155@testmail.com,password123,doctor,"MBBS, FCPS (Medicine)",Associate Professor,BMDC-148272,Dhaka Medical College Hospital,8800000000000.0,Experienced doctor providing quality healthcare.,DR000155,True,True
dr_imran_talukder_156,Imran,Talukder,dr_imran_talukder_156@testmail.com,password123,doctor,"MBBS, FCPS (Medicine)",Senior Consultant,BMDC-534790,United Hospital Limited,8800000000000.0,Experienced doctor providing quality healthcare.,DR000156,True,True
dr_rakib_sarker_157,Rakib,Sarker,dr_rakib_sarker_157@testmail.com,password123,doctor,"MBBS, FCPS",Consultant,BMDC-526219,United Hospital Limited,8800000000000.0,Experienced doctor providing quality healthcare.,DR000157,True,True
dr_rakib_haque_158,Rakib,Haque,dr_rakib_haque_158@testmail.com,password123,doctor,"MBBS, FCPS (Medicine)",Associate Professor,BMDC-532671,Bangabandhu Sheikh Mujib Medical University,8800000000000.0,Experienced doctor providing quality healthcare.,DR000158,True,True
dr_karim_roy_159,Karim,Roy,dr_karim_roy_159@testmail.com,password123,doctor,MBBS,Senior Consultant,BMDC-456534,Kurmitola General Hospital,8800000000000.0,Experienced doctor providing quality healthcare.,DR000159,True,True
dr_fahim_mondal_160,Fahim,Mondal,dr_fahim_mondal_160@testmail.com,password123,doctor,MBBS,Associate Professor,BMDC-910347,Popular Diagnostic Centre Ltd,8800000000000.0,Experienced doctor providing quality healthcare.,DR000160,True,True
dr_ashik_rahman_161,Ashik,Rahman,dr_ashik_rahman_161@testmail.com,password123,doctor,MBBS,Assistant Professor,BMDC-210587,Bangabandhu Sheikh Mujib Medical University,8800000000000.0,Experienced doctor providing quality healthcare.,DR000161,True,True
dr_nayeem_sheikh_162,Nayeem,Sheikh,dr_nayeem_sheikh_162@testmail.com,password123,doctor,"MBBS, FCPS",Associate Professor,BMDC-999347,Ibn Sina Hospital,8800000000000.0,Experienced doctor providing quality healthcare.,DR000162,True,True
dr_fahim_biswas_163,Fahim,Biswas,dr_fahim_biswas_163@testmail.com,password123,doctor,"MBBS, FCPS (Medicine)",Professor,BMDC-951072,Kurmitola General Hospital,8800000000000.0,Experienced doctor providing quality healthcare.,DR000163,True,True
dr_md_biswas_164,Md,Biswas,dr_md_biswas_164@testmail.com,password123,doctor,MBBS,Senior Consultant,BMDC-141157,Bangabandhu Sheikh Mujib Medical University,8800000000000.0,Experienced doctor providing quality healthcare.,DR000164,True,True
dr_abdur_jaman_165,Abdur,Jaman,dr_abdur_jaman_165@testmail.com,password123,doctor,MBBS,Consultant,BMDC-498595,Labaid Specialized Hospital,8800000000000.0,Experienced doctor providing quality healthcare.,DR000165,True,True
dr_sakib_jaman_166,Sakib,Jaman,dr_sakib_jaman_166@testmail.com,password123,doctor,"MBBS, FCPS",Consultant,BMDC-400087,Kurmitola General Hospital,8800000000000.0,Experienced doctor providing quality healthcare.,DR000166,True,True
dr_nayeem_das_167,Nayeem,Das,dr_nayeem_das_167@testmail.com,password123,doctor,"MBBS, FCPS (Surgery)",Associate Professor,BMDC-667813,Evercare Hospital Dhaka,8800000000000.0,Experienced doctor providing quality healthcare.,DR000167,True,True
dr_karim_khan_168,Karim,Khan,dr_karim_khan_168@testmail.com,password123,doctor,"MBBS, FCPS",Professor,BMDC-369103,Labaid Specialized Hospital,8800000000000.0,Experienced doctor providing quality healthcare.,DR000168,True,True
dr_abdul_ahmed_169,Abdul,Ahmed,dr_abdul_ahmed_169@testmail.com,password123,doctor,"MBBS, FCPS",Associate Professor,BMDC-655936,Ibn Sina Hospital,8800000000000.0,Experienced doctor providing quality healthcare.,DR000169,True,True
dr_sajid_khan_170,Sajid,Khan,dr_sajid_khan_170@testmail.com,password123,doctor,"MBBS, FCPS (Surgery)",Professor,BMDC-282190,Bangabandhu Sheikh Mujib Medical University,8800000000000.0,Experienced doctor providing quality healthcare.,DR000170,True,True
dr_mohammad_uddin_171,Mohammad,Uddin,dr_mohammad_uddin_171@testmail.com,password123,doctor,"MBBS, FCPS (Surgery)",Associate Professor,BMDC-644229,Ibn Sina Hospital,8800000000000.0,Experienced doctor providing quality healthcare.,DR000171,True,True
dr_abdur_das_172,Abdur,Das,dr_abdur_das_172@testmail.com,password123,doctor,"MBBS, FCPS (Surgery)",Senior Consultant,BMDC-452072,Popular Diagnostic Centre Ltd,8800000000000.0,Experienced doctor providing quality healthcare.,DR000172,True,True
dr_imran_alam_173,Imran,Alam,dr_imran_alam_173@testmail.com,password123,doctor,"MBBS, FCPS (Medicine)",Professor,BMDC-800846,Popular Diagnostic Centre Ltd,8800000000000.0,Experienced doctor providing quality healthcare.,DR000173,True,True
dr_md_uddin_174,Md,Uddin,dr_md_uddin_174@testmail.com,password123,doctor,MBBS,Associate Professor,BMDC-459540,Sir Salimullah Medical College Hospital,8800000000000.0,Experienced doctor providing quality healthcare.,DR000174,True,True
dr_mohammad_jaman_175,Mohammad,Jaman,dr_mohammad_jaman_175@testmail.com,password123,doctor,"MBBS, FCPS (Medicine)",Associate Professor,BMDC-422919,Popular Diagnostic Centre Ltd,8800000000000.0,Experienced doctor providing quality healthcare.,DR000175,True,True
dr_karim_mahmud_176,Karim,Mahmud,dr_karim_mahmud_176@testmail.com,password123,doctor,"MBBS, MD",Consultant,BMDC-144295,Square Hospital Ltd,8800000000000.0,Experienced doctor providing quality healthcare.,DR000176,True,True
dr_saiful_alam_177,Saiful,Alam,dr_saiful_alam_177@testmail.com,password123,doctor,"MBBS, FCPS (Medicine)",Senior Consultant,BMDC-738254,Combined Military Hospital (CMH),8800000000000.0,Experienced doctor providing quality healthcare.,DR000177,True,True
dr_sajid_mahmud_178,Sajid,Mahmud,dr_sajid_mahmud_178@testmail.com,password123,doctor,MBBS,Senior Consultant,BMDC-548669,Evercare Hospital Dhaka,8800000000000.0,Experienced doctor providing quality healthcare.,DR000178,True,True
dr_rahim_chowdhury_179,Rahim,Chowdhury,dr_rahim_chowdhury_179@testmail.com,password123,doctor,MBBS,Assistant Professor,BMDC-352565,United Hospital Limited,8800000000000.0,Experienced doctor providing quality healthcare.,DR000179,True,True
dr_abdul_miah_180,Abdul,Miah,dr_abdul_miah_180@testmail.com,password123,doctor,MBBS,Associate Professor,BMDC-912617,Evercare Hospital Dhaka,8800000000000.0,Experienced doctor providing quality healthcare.,DR000180,True,True
dr_rakib_roy_181,Rakib,Roy,dr_rakib_roy_181@testmail.com,password123,doctor,"MBBS, MD",Professor,BMDC-306019,Bangabandhu Sheikh Mujib Medical University,8800000000000.0,Experienced doctor providing quality healthcare.,DR000181,True,True
dr_karim_hossain_182,Karim,Hossain,dr_karim_hossain_182@testmail.com,password123,doctor,"MBBS, MD",Assistant Professor,BMDC-178422,Evercare Hospital Dhaka,8800000000000.0,Experienced doctor providing quality healthcare.,DR000182,True,True
dr_mahmud_alam_183,Mahmud,Alam,dr_mahmud_alam_183@testmail.com,password123,doctor,MBBS,Consultant,BMDC-673489,Bangabandhu Sheikh Mujib Medical University,8800000000000.0,Experienced doctor providing quality healthcare.,DR000183,True,True
dr_md_khan_184,Md,Khan,dr_md_khan_184@testmail.com,password123,doctor,"MBBS, FCPS",Assistant Professor,BMDC-217155,Evercare Hospital Dhaka,8800000000000.0,Experienced doctor providing quality healthcare.,DR000184,True,True
dr_abdul_talukder_185,Abdul,Talukder,dr_abdul_talukder_185@testmail.com,password123,doctor,"MBBS, FCPS (Surgery)",Senior Consultant,BMDC-519454,United Hospital Limited,8800000000000.0,Experienced doctor providing quality healthcare.,DR000185,True,True
dr_shahin_talukder_186,Shahin,Talukder,dr_shahin_talukder_186@testmail.com,password123,doctor,"MBBS, MD",Consultant,BMDC-796117,Popular Diagnostic Centre Ltd,8800000000000.0,Experienced doctor providing quality healthcare.,DR000186,True,True
dr_nayeem_rahman_187,Nayeem,Rahman,dr_nayeem_rahman_187@testmail.com,password123,doctor,"MBBS, FCPS (Medicine)",Assistant Professor,BMDC-287687,Ibn Sina Hospital,8800000000000.0,Experienced doctor providing quality healthcare.,DR000187,True,True
dr_sajid_mondal_188,Sajid,Mondal,dr_sajid_mondal_188@testmail.com,password123,doctor,"MBBS, MD",Assistant Professor,BMDC-282731,Combined Military Hospital (CMH),8800000000000.0,Experienced doctor providing quality healthcare.,DR000188,True,True
dr_rakib_mahmud_189,Rakib,Mahmud,dr_rakib_mahmud_189@testmail.com,password123,doctor,"MBBS, FCPS (Medicine)",Consultant,BMDC-666855,Sir Salimullah Medical College Hospital,8800000000000.0,Experienced doctor providing quality healthcare.,DR000189,True,True
dr_saiful_talukder_190,Saiful,Talukder,dr_saiful_talukder_190@testmail.com,password123,doctor,"MBBS, FCPS",Professor,BMDC-872942,Labaid Specialized Hospital,8800000000000.0,Experienced doctor providing quality healthcare.,DR000190,True,True
dr_ashik_hossain_191,Ashik,Hossain,dr_ashik_hossain_191@testmail.com,password123,doctor,"MBBS, FCPS",Associate Professor,BMDC-409405,Bangabandhu Sheikh Mujib Medical University,8800000000000.0,Experienced doctor providing quality healthcare.,DR000191,True,True
dr_mahmud_sarker_192,Mahmud,Sarker,dr_mahmud_sarker_192@testmail.com,password123,doctor,"MBBS, MD",Assistant Professor,BMDC-593203,Evercare Hospital Dhaka,8800000000000.0,Experienced doctor providing quality healthcare.,DR000192,True,True
dr_rafi_khan_193,Rafi,Khan,dr_rafi_khan_193@testmail.com,password123,doctor,"MBBS, FCPS",Professor,BMDC-532168,Dhaka Medical College Hospital,8800000000000.0,Experienced doctor providing quality healthcare.,DR000193,True,True
dr_shahin_mondal_194,Shahin,Mondal,dr_shahin_mondal_194@testmail.com,password123,doctor,MBBS,Senior Consultant,BMDC-427423,United Hospital Limited,8800000000000.0,Experienced doctor providing quality healthcare.,DR000194,True,True
dr_tanvir_kabir_195,Tanvir,Kabir,dr_tanvir_kabir_195@testmail.com,password123,doctor,"MBBS, FCPS (Medicine)",Consultant,BMDC-332806,Square Hospital Ltd,8800000000000.0,Experienced doctor providing quality healthcare.,DR000195,True,True
dr_arif_mondal_196,Arif,Mondal,dr_arif_mondal_196@testmail.com,password123,doctor,"MBBS, MD",Professor,BMDC-297011,Sir Salimullah Medical College Hospital,8800000000000.0,Experienced doctor providing quality healthcare.,DR000196,True,True
dr_ashik_islam_197,Ashik,Islam,dr_ashik_islam_197@testmail.com,password123,doctor,"MBBS, FCPS (Medicine)",Consultant,BMDC-878029,Popular Diagnostic Centre Ltd,8800000000000.0,Experienced doctor providing quality healthcare.,DR000197,True,True
dr_sakib_das_198,Sakib,Das,dr_sakib_das_198@testmail.com,password123,doctor,"MBBS, FCPS",Assistant Professor,BMDC-207807,Evercare Hospital Dhaka,8800000000000.0,Experienced doctor providing quality healthcare.,DR000198,True,True
dr_sajid_roy_199,Sajid,Roy,dr_sajid_roy_199@testmail.com,password123,doctor,"MBBS, FCPS (Medicine)",Professor,BMDC-427229,United Hospital Limited,8800000000000.0,Experienced doctor providing quality healthcare.,DR000199,True,True
dr_abdul_rahman_200,Abdul,Rahman,dr_abdul_rahman_200@testmail.com,password123,doctor,"MBBS, FCPS",Professor,BMDC-750994,Sir Salimullah Medical College Hospital,8800000000000.0,Experienced doctor providing quality healthcare.,DR000200,True,True
