username,first_name,last_name,email,password,role,doctor_license,hospital_name,is_active,is_staff
saumya_nasir239,Tamim,Bhuiyan,jlacknor0@redcross.org,password123,doctor,DL-#####,Riverbank Hospital,true,false
anik_chowdhury678,Mehedi,Faruq,jdevonshire1@gizmodo.com,password123,doctor,DL-#####,Evercare Hospital,true,false
mahfuz_mahmud744,Shihab,Rahman,lyoxall2@nifty.com,password123,doctor,DL-#####,New Horizon Medical Center,true,false
kamal_kabir870,Farhad,Majumder,dbowditch3@php.net,password123,doctor,DL-#####,Bright Future Hospital,true,false
rafiq_karim486,Saif,Bhuiyan,nmcnamee4@twitter.com,password123,doctor,DL-#####,Medicare General Hospital,true,false
faisal_molla641,Subhan,Biswas,afruser5@dyndns.org,password123,doctor,DL-#####,Evercare Hospital,true,false
shanto_kabir650,Arif,Sarker,aaizik6@youtu.be,password123,doctor,DL-#####,Square Hospital,true,false
sajid_bhuiyan533,Nazmul,Karim,kkornilov7@time.com,password123,doctor,DL-#####,Wellness Hospital,true,false
miraz_kabir430,Rony,Shaikh,cmoreing8@ox.ac.uk,password123,doctor,DL-#####,Labaid Hospital,true,false
rafiq_sarker456,Ashik,Munna,rcrilly9@rakuten.co.jp,password123,doctor,DL-#####,Medicare General Hospital,true,false
mahfuz_mahmud744,Rakib,Shamim,okelleya@berkeley.edu,password123,doctor,DL-#####,Labaid Hospital,true,false
sajib_mahmud964,Rashedul,Hossain,bbasiliob@ow.ly,password123,doctor,DL-#####,Global Health Clinic,true,false
arman_kabir540,Nafis,Chowdhury,chessenthalerc@sbwire.com,password123,doctor,DL-#####,Apollo Hospital,true,false
rafi_kabir145,Rony,Mirza,gbouzekd@foxnews.com,password123,doctor,DL-#####,Square Hospital,true,false
arif_akter120,Jamil,Siddique,rorneblowe@redcross.org,password123,doctor,DL-#####,Wellness Hospital,true,false
sajib_akter109,Faisal,Sarker,ajaegarf@forbes.com,password123,doctor,DL-#####,St. Mary’s Hospital,true,false
reza_majumder567,Tanveer,Talukder,cskelingtong@youtube.com,password123,doctor,DL-#####,Medicare General Hospital,true,false
sohel_mahmud953,Tanveer,Chowdhury,pgreedingh@samsung.com,password123,doctor,DL-#####,Bright Future Hospital,true,false
farhan_bhuiyan412,Nafis,Monir,tmacallisteri@mail.ru,password123,doctor,DL-#####,St. Mary’s Hospital,true,false
nazmul_mahmud513,Arif,Sarker,eattwoollj@tumblr.com,password123,doctor,DL-#####,Evercare Hospital,true,false
kamal_karim715,Zia,Jalal,rkaretk@yellowpages.com,password123,doctor,DL-#####,Evercare Hospital,true,false
miraz_kabir430,Sohel,Shohel,djancal@a8.net,password123,doctor,DL-#####,Evercare Hospital,true,false
sohel_nasir908,Imran,Rafiqul,amarcomem@tinypic.com,password123,doctor,DL-#####,Apollo Hospital,true,false
rasel_molla192,Shihab,Raihan,cmasureln@a8.net,password123,doctor,DL-#####,New Horizon Medical Center,true,false
miraz_chowdhury616,Nayeem,Hossain,jpellingo@imdb.com,password123,doctor,DL-#####,United Hospital,true,false
arman_karim156,Rashed,Islam,cbrownsteinp@nationalgeographic.com,password123,doctor,DL-#####,Central Diagnostic Center,true,false
reza_molla432,Sohail,Chowdhury,dnialsq@techcrunch.com,password123,doctor,DL-#####,Royal Health Center,true,false
foysal_chowdhury264,Tanim,Tanvir,sdanseyr@php.net,password123,doctor,DL-#####,Bright Future Hospital,true,false
hasan_hossain816,Rashedul,Kabir,rwestolls@usgs.gov,password123,doctor,DL-#####,Riverbank Hospital,true,false
sohel_nasir908,Farhad,Tushar,tbourbont@cisco.com,password123,doctor,DL-#####,Central Diagnostic Center,true,false
reza_molla432,Anik,Majumder,dsutheranu@t-online.de,password123,doctor,DL-#####,Wellness Hospital,true,false
mahfuz_mahmud744,Subhan,Ahmed,clackintonv@netscape.com,password123,doctor,DL-#####,Greenfield Clinic,true,false
rony_molla652,Noman,Karim,gposvnerw@mysql.com,password123,doctor,DL-#####,Sunrise Hospital,true,false
iqbal_chowdhury345,Tanveer,Khan,emearingx@nsw.gov.au,password123,doctor,DL-#####,Sunrise Hospital,true,false
arman_nasir111,Sohel,Talukdar,lbenditty@narod.ru,password123,doctor,DL-#####,Medicare General Hospital,true,false
faisal_uddin717,Javed,Faruq,smccaskellz@last.fm,password123,doctor,DL-#####,Royal Health Center,true,false
reza_majumder567,Saumya,Raihan,teivers10@netscape.com,password123,doctor,DL-#####,Royal Health Center,true,false
rafiq_karim486,Tamim,Foysal,obeney11@wsj.com,password123,doctor,DL-#####,Central Diagnostic Center,true,false
nazmul_mahmud513,Imtiaz,Raihan,aspellworth12@mashable.com,password123,doctor,DL-#####,United Hospital,true,false
jamil_nasir118,Rasel,Anwar,ndanilov13@apple.com,password123,doctor,DL-#####,Hope Medical Institute,true,false
sohel_bhuiyan293,Rony,Nayeem,aarrow14@t.co,password123,doctor,DL-#####,Curewell Hospital,true,false
arif_karim255,Rashed,Choudhury,sberkery15@buzzfeed.com,password123,doctor,DL-#####,Greenfield Clinic,true,false
imran_nasir569,Tanim,Islam,ringle16@gnu.org,password123,doctor,DL-#####,Royal Health Center,true,false
arman_nasir111,Shakil,Mahfuz,rrougier17@free.fr,password123,doctor,DL-#####,St. Mary’s Hospital,true,false
faisal_molla641,Faisal,Siddique,hkoenen18@tuttocitta.it,password123,doctor,DL-#####,Popular Diagnostic Center,true,false
tanim_hossain827,Shuvo,Ferdous,gphinnessy19@cloudflare.com,password123,doctor,DL-#####,Hope Medical Institute,true,false
sohel_nasir338,Tanvir,Mahbub,kgodden1a@xinhuanet.com,password123,doctor,DL-#####,Evercare Hospital,true,false
hasan_hossain816,Imtiaz,Sarker,mredwing1b@list-manage.com,password123,doctor,DL-#####,Global Health Clinic,true,false
rashed_akter549,Tanveer,Faruq,sbell1c@typepad.com,password123,doctor,DL-#####,Labaid Hospital,true,false
sohel_mahmud953,Zia,Biswas,suebel1d@exblog.jp,password123,doctor,DL-#####,Sunrise Hospital,true,false
arif_akter120,Arman,Mahbub,jthomesson1e@blinklist.com,password123,doctor,DL-#####,Royal Health Center,true,false
mahmud_uddin453,Riaz,Alam,hbatisse1f@sitemeter.com,password123,doctor,DL-#####,Riverbank Hospital,true,false
arman_karim156,Farhad,Choudhury,avynehall1g@sun.com,password123,doctor,DL-#####,Popular Diagnostic Center,true,false
hasan_kabir771,Rasel,Iqbal,cwickens1h@t-online.de,password123,doctor,DL-#####,Medicare General Hospital,true,false
arif_hossain482,Sohel,Kabir,ghambidge1i@chicagotribune.com,password123,doctor,DL-#####,Apollo Hospital,true,false
arman_kabir201,Shakil,Arman,vnorrie1j@mapy.cz,password123,doctor,DL-#####,Popular Diagnostic Center,true,false
farhad_bhuiyan172,Farhad,Rahman,einworth1k@cdbaby.com,password123,doctor,DL-#####,Central Diagnostic Center,true,false
miraz_kabir430,Shakil,Rashed,tbiasetti1l@barnesandnoble.com,password123,doctor,DL-#####,Royal Health Center,true,false
nayeem_hossain654,Hasan,Islam,wcollomosse1m@comsenz.com,password123,doctor,DL-#####,Central Diagnostic Center,true,false
nazmul_nasir558,Nafis,Khan,jjeggo1n@soup.io,password123,doctor,DL-#####,St. Mary’s Hospital,true,false
shanto_biswas515,Rashed,Faruq,sforrestall1o@wikimedia.org,password123,doctor,DL-#####,Greenfield Clinic,true,false
rashed_akter549,Tanim,Biswas,vquaintance1p@ebay.com,password123,doctor,DL-#####,Bright Future Hospital,true,false
kamal_chowdhury625,Hridoy,Rafiqul,cfollitt1q@narod.ru,password123,doctor,DL-#####,Riverbank Hospital,true,false
hasan_majumder678,Farhan,Choudhury,osyder1r@mapquest.com,password123,doctor,DL-#####,Central Diagnostic Center,true,false
nazmul_nasir558,Shanto,Iqbal,esimenot1s@tumblr.com,password123,doctor,DL-#####,Curewell Hospital,true,false
hasan_majumder678,Mahmud,Nayeem,djancik1t@devhub.com,password123,doctor,DL-#####,Hope Medical Institute,true,false
tanveer_hossain587,Shanto,Nasir,kbattell1u@google.nl,password123,doctor,DL-#####,Wellness Hospital,true,false
rashed_akter549,Nayeem,Ahmed,stiesman1v@nymag.com,password123,doctor,DL-#####,New Horizon Medical Center,true,false
tanim_nasir234,Rashedul,Mahfuz,cerrol1w@odnoklassniki.ru,password123,doctor,DL-#####,Bright Future Hospital,true,false
tanim_nasir234,Kamal,Iqbal,deverist1x@shinystat.com,password123,doctor,DL-#####,United Hospital,true,false
reza_bhuiyan522,Saumya,Ferdous,tlatore1y@github.io,password123,doctor,DL-#####,Royal Health Center,true,false
foysal_mahmud174,Shihab,Hossain,etopp1z@livejournal.com,password123,doctor,DL-#####,Evercare Hospital,true,false
saif_karim365,Hridoy,Nazrul,schateau20@dmoz.org,password123,doctor,DL-#####,Square Hospital,true,false
hasan_kabir771,Asif,Shohel,dtugwell21@dot.gov,password123,doctor,DL-#####,Central Diagnostic Center,true,false
farhan_bhuiyan412,Sohail,Mahbub,jfoxon22@comsenz.com,password123,doctor,DL-#####,Labaid Hospital,true,false
farhan_molla322,Imtiaz,Mirza,pvodden23@ox.ac.uk,password123,doctor,DL-#####,Central Diagnostic Center,true,false
farhan_majumder457,Tamim,Karim,lprinnett24@china.com.cn,password123,doctor,DL-#####,Wellness Hospital,true,false
sajib_molla302,Rashed,Sarker,pbabin25@about.com,password123,doctor,DL-#####,Greenfield Clinic,true,false
jamil_mahmud163,Ashik,Mirza,gstilldale26@wsj.com,password123,doctor,DL-#####,Riverbank Hospital,true,false
saumya_mahmud284,Rashedul,Fahim,wfoulks27@cnet.com,password123,doctor,DL-#####,Curewell Hospital,true,false
shuvo_karim266,Arif,Nazrul,stooze28@nsw.gov.au,password123,doctor,DL-#####,Royal Health Center,true,false
sajib_majumder347,Nazmul,Chowdhury,ccoaster29@dailymail.co.uk,password123,doctor,DL-#####,City Medical Center,true,false
asif_akter890,Alif,Habib,gashfold2a@marriott.com,password123,doctor,DL-#####,St. Mary’s Hospital,true,false
tanim_molla872,Noman,Anwar,dantonio2b@jalbum.net,password123,doctor,DL-#####,Wellness Hospital,true,false
kamal_chowdhury735,Miraz,Tanvir,kallder2c@slideshare.net,password123,doctor,DL-#####,City Medical Center,true,false
alif_karim376,Shakil,Shaikh,hlatch2d@goo.gl,password123,doctor,DL-#####,Greenfield Clinic,true,false
miraz_kabir661,Imtiaz,Shaikh,fbecks2e@ezinearticles.com,password123,doctor,DL-#####,Sunrise Hospital,true,false
asif_majumder890,Rafiq,Mahbub,glockyer2f@cbslocal.com,password123,doctor,DL-#####,Riverbank Hospital,true,false
rashed_chowdhury504,Imtiaz,Rashed,rchurching2g@mail.ru,password123,doctor,DL-#####,City Medical Center,true,false
nazmul_mahmud513,Mahfuz,Siddique,dpicard2h@de.vu,password123,doctor,DL-#####,Global Health Clinic,true,false
arif_akter120,Tanvir,Molla,ldjakovic2i@list-manage.com,password123,doctor,DL-#####,St. Mary’s Hospital,true,false
imran_talukder111,Arman,Munna,ssavil2j@baidu.com,password123,doctor,DL-#####,Riverbank Hospital,true,false
shanto_kabir650,Jamil,Akter,gbaden2k@wix.com,password123,doctor,DL-#####,Evercare Hospital,true,false
rafi_majumder910,Tanveer,Rashed,dtussaine2l@infoseek.co.jp,password123,doctor,DL-#####,Greenfield Clinic,true,false
mahfuz_mahmud744,Faisal,Munna,kfitzer2m@cornell.edu,password123,doctor,DL-#####,Sunrise Hospital,true,false
rashed_akter549,Jamil,Munna,efarnham2n@hao123.com,password123,doctor,DL-#####,New Horizon Medical Center,true,false
shanto_karim946,Foysal,Samad,aparken2o@state.gov,password123,doctor,DL-#####,Apollo Hospital,true,false
tanveer_biswas567,Subhan,Tushar,jhessle2p@boston.com,password123,doctor,DL-#####,Apollo Hospital,true,false
rony_molla652,Jamil,Anwar,pbarnby2q@xing.com,password123,doctor,DL-#####,Labaid Hospital,true,false
saumya_nasir239,Reza,Mahbub,smarmion2r@businessinsider.com,password123,doctor,DL-#####,Popular Diagnostic Center,true,false
sajib_molla302,Kamal,Ferdous,msheward2s@freewebs.com,password123,doctor,DL-#####,Greenfield Clinic,true,false
reza_mahbub122,Shakil,Nayeem,lfulker2t@amazon.co.uk,password123,doctor,DL-#####,Square Hospital,true,false
sohel_majumder248,Rafiq,Majumder,afudger2u@gizmodo.com,password123,doctor,DL-#####,Evercare Hospital,true,false
jamil_majumder928,Hridoy,Talukdar,twhatham2v@discovery.com,password123,doctor,DL-#####,City Medical Center,true,false
sajib_nasir919,Saif,Hossen,clycett2w@eepurl.com,password123,doctor,DL-#####,Bright Future Hospital,true,false
iqbal_nasir679,Rasel,Mirza,dcrombleholme2x@twitpic.com,password123,doctor,DL-#####,Bright Future Hospital,true,false
nazmul_majumder468,Saumya,Ferdous,ascrimgeour2y@columbia.edu,password123,doctor,DL-#####,St. Mary’s Hospital,true,false
rasel_akter102,Shuvo,Foysal,hrigmond2z@blogger.com,password123,doctor,DL-#####,Square Hospital,true,false
sajib_mahmud964,Alif,Monir,rbretherick30@rediff.com,password123,doctor,DL-#####,Royal Health Center,true,false
faisal_majumder807,Nafis,Ferdous,kallebone31@people.com.cn,password123,doctor,DL-#####,Royal Health Center,true,false
iqbal_chowdhury724,Imtiaz,Arman,tmenichelli32@gnu.org,password123,doctor,DL-#####,Popular Diagnostic Center,true,false
shanto_biswas515,Rasel,Kabir,jbenzies33@odnoklassniki.ru,password123,doctor,DL-#####,St. Mary’s Hospital,true,false
rasel_hossain147,Faisal,Mahbub,abreston34@123-reg.co.uk,password123,doctor,DL-#####,Central Diagnostic Center,true,false
saif_bhuiyan777,Kamal,Rahman,cclarage35@google.com,password123,doctor,DL-#####,Popular Diagnostic Center,true,false
kamal_akter780,Sohail,Rashed,tabbotts36@prlog.org,password123,doctor,DL-#####,Global Health Clinic,true,false
rafi_majumder910,Rasel,Mahbub,catty37@freewebs.com,password123,doctor,DL-#####,Bright Future Hospital,true,false
kamal_karim825,Reza,Munna,clube38@amazonaws.com,password123,doctor,DL-#####,Apollo Hospital,true,false
faisal_molla641,Arman,Shaikh,kodde39@ning.com,password123,doctor,DL-#####,Popular Diagnostic Center,true,false
reza_molla432,Rasel,Samad,bwhapple3a@discuz.net,password123,doctor,DL-#####,Hope Medical Institute,true,false
imran_mahmud524,Shihab,Foysal,dtipping3b@uiuc.edu,password123,doctor,DL-#####,Apollo Hospital,true,false
farhan_khan904,Arman,Rahman,mpetri3c@wikia.com,password123,doctor,DL-#####,Wellness Hospital,true,false
shihab_mahmud843,Noman,Ferdous,vfearon3d@prweb.com,password123,doctor,DL-#####,Curewell Hospital,true,false
anik_bhuiyan643,Tamim,Nasir,gtippetts3e@ca.gov,password123,doctor,DL-#####,Medicare General Hospital,true,false
shihab_mahmud843,Arif,Arman,swinscom3f@samsung.com,password123,doctor,DL-#####,Global Health Clinic,true,false
kamal_akter780,Anik,Majumder,gmawditt3g@slate.com,password123,doctor,DL-#####,Square Hospital,true,false
rakib_majumder358,Rafiq,Ahmed,hpallister3h@bravesites.com,password123,doctor,DL-#####,Wellness Hospital,true,false
shuvo_molla311,Nazmul,Chowdhury,mhinkes3i@geocities.com,password123,doctor,DL-#####,Wellness Hospital,true,false
kamal_sarker210,Nayeem,Choudhury,sbloxsome3j@merriam-webster.com,password123,doctor,DL-#####,Wellness Hospital,true,false
foysal_nasir129,Arif,Kabir,bmordanti3k@businessinsider.com,password123,doctor,DL-#####,St. Mary’s Hospital,true,false
imran_nasir569,Rafiq,Rahman,rbartleet3l@dell.com,password123,doctor,DL-#####,Wellness Hospital,true,false
hasan_majumder678,Nazmul,Chowdhury,terangy3m@google.nl,password123,doctor,DL-#####,Medicare General Hospital,true,false
rakib_majumder138,Rashed,Anwar,mscanlin3n@t.co,password123,doctor,DL-#####,Greenfield Clinic,true,false
arman_kabir201,Imtiaz,Mahbub,lchristofides3o@printfriendly.com,password123,doctor,DL-#####,Medicare General Hospital,true,false
anik_bhuiyan643,Sohel,Jalal,ejenkin3p@china.com.cn,password123,doctor,DL-#####,Sunrise Hospital,true,false
sabbir_mahmud394,Sajid,Iqbal,wsawrey3q@reference.com,password123,doctor,DL-#####,Central Diagnostic Center,true,false
asif_majumder890,Tamim,Faruq,dsiegertsz3r@histats.com,password123,doctor,DL-#####,Labaid Hospital,true,false
alif_kabir890,Mehedi,Habib,alober3s@craigslist.org,password123,doctor,DL-#####,Wellness Hospital,true,false
faisal_bhuiyan852,Foysal,Uddin,eallgood3t@joomla.org,password123,doctor,DL-#####,United Hospital,true,false
reza_bhuiyan522,Sohail,Mahfuz,lmichelotti3u@opensource.org,password123,doctor,DL-#####,New Horizon Medical Center,true,false
arman_bhuiyan405,Mehedi,Ahmed,tkensitt3v@unblog.fr,password123,doctor,DL-#####,Royal Health Center,true,false
kamal_chowdhury735,Rashed,Faruq,ahebard3w@seattletimes.com,password123,doctor,DL-#####,Evercare Hospital,true,false
miraz_hossain706,Tanvir,Talukder,pdanilowicz3x@cbc.ca,password123,doctor,DL-#####,Central Diagnostic Center,true,false
imran_talukder111,Sajid,Mahbub,akarlqvist3y@kickstarter.com,password123,doctor,DL-#####,Central Diagnostic Center,true,false
nazmul_bhuiyan423,Farhan,Biswas,vstadding3z@xing.com,password123,doctor,DL-#####,Greenfield Clinic,true,false
alif_hossain466,Arif,Rony,agwatkin40@craigslist.org,password123,doctor,DL-#####,Wellness Hospital,true,false
sajid_mahmud623,Mehedi,Rahman,pasken41@guardian.co.uk,password123,doctor,DL-#####,Royal Health Center,true,false
sabbir_akter439,Shanto,Mahfuz,fdarcy42@vkontakte.ru,password123,doctor,DL-#####,Wellness Hospital,true,false
kamal_akter670,Arman,Talukdar,fsunman43@bloglovin.com,password123,doctor,DL-#####,Greenfield Clinic,true,false
shanto_kabir650,Saumya,Choudhury,pwalliker44@ycombinator.com,password123,doctor,DL-#####,City Medical Center,true,false
tanvir_chowdhury944,Rony,Majumder,mmcilmurray45@census.gov,password123,doctor,DL-#####,Evercare Hospital,true,false
jamil_bhuiyan973,Noman,Shohel,kgrain46@army.mil,password123,doctor,DL-#####,Popular Diagnostic Center,true,false
nayeem_molla971,Ashik,Karim,adaunay47@ow.ly,password123,doctor,DL-#####,Medicare General Hospital,true,false
hasan_kabir771,Imran,Biswas,bgemmill48@theguardian.com,password123,doctor,DL-#####,Hope Medical Institute,true,false
arman_nasir111,Ashik,Munna,shackley49@whitehouse.gov,password123,doctor,DL-#####,Wellness Hospital,true,false
sajib_chowdhury154,Arman,Nazrul,hrahlof4a@illinois.edu,password123,doctor,DL-#####,Global Health Clinic,true,false
rasel_majumder237,Saumya,Hossen,swilkenson4b@domainmarket.com,password123,doctor,DL-#####,City Medical Center,true,false
tanvir_hossain809,Tanveer,Samad,aevered4c@ted.com,password123,doctor,DL-#####,Popular Diagnostic Center,true,false
tanvir_nasir899,Jamil,Hossain,adeeves4d@tinypic.com,password123,doctor,DL-#####,Hope Medical Institute,true,false
sohel_nasir338,Reza,Choudhury,dcluff4e@bluehost.com,password123,doctor,DL-#####,Evercare Hospital,true,false
imran_akter659,Foysal,Uddin,amaloney4f@nps.gov,password123,doctor,DL-#####,Square Hospital,true,false
mahfuz_mahmud744,Tanim,Iqbal,tgiacomini4g@amazon.com,password123,doctor,DL-#####,Hope Medical Institute,true,false
sajib_majumder347,Saumya,Uddin,adunlop4h@sphinn.com,password123,doctor,DL-#####,Curewell Hospital,true,false
mahfuz_nasir789,Alif,Samad,vcaulcutt4i@time.com,password123,doctor,DL-#####,Hope Medical Institute,true,false
rakib_mahmud273,Riaz,Hossen,achedzoy4j@quantcast.com,password123,doctor,DL-#####,Sunrise Hospital,true,false
arman_akter450,Imtiaz,Bhuiyan,mfeathersby4k@google.cn,password123,doctor,DL-#####,Popular Diagnostic Center,true,false
foysal_mahmud174,Ashik,Shohel,fhelliar4l@sciencedirect.com,password123,doctor,DL-#####,Riverbank Hospital,true,false
shanto_karim946,Rony,Faruq,rpapa4m@dyndns.org,password123,doctor,DL-#####,Sunrise Hospital,true,false
hasan_majumder678,Reza,Foysal,vajam4n@behance.net,password123,doctor,DL-#####,Medicare General Hospital,true,false
arif_kabir210,Shihab,Nayeem,rmorston4o@booking.com,password123,doctor,DL-#####,Medicare General Hospital,true,false
nazmul_majumder468,Rashed,Siddique,pbrimming4p@google.de,password123,doctor,DL-#####,Global Health Clinic,true,false
faisal_majumder807,Hridoy,Shohel,ubeal4q@behance.net,password123,doctor,DL-#####,Greenfield Clinic,true,false
miraz_kabir661,Iqbal,Fahim,hscuffham4r@pen.io,password123,doctor,DL-#####,Medicare General Hospital,true,false
arman_kabir201,Foysal,Anwar,bwisby4s@cdbaby.com,password123,doctor,DL-#####,Sunrise Hospital,true,false
rafiq_molla531,Hridoy,Shamim,acroome4t@myspace.com,password123,doctor,DL-#####,Square Hospital,true,false
tanim_majumder917,Saif,Nasir,mlohan4u@flickr.com,password123,doctor,DL-#####,City Medical Center,true,false
rakib_khan313,Foysal,Rafiqul,dreek4v@diigo.com,password123,doctor,DL-#####,City Medical Center,true,false
mahmud_uddin453,Mahfuz,Monir,kugolini4w@ucoz.com,password123,doctor,DL-#####,Curewell Hospital,true,false
rakib_bhuiyan183,Rashedul,Fahim,plucy4x@tiny.cc,password123,doctor,DL-#####,City Medical Center,true,false
arman_karim156,Sabbir,Talukdar,bpiquard4y@cam.ac.uk,password123,doctor,DL-#####,Hope Medical Institute,true,false
rashed_sarker414,Foysal,Siddique,dcallway4z@walmart.com,password123,doctor,DL-#####,Hope Medical Institute,true,false
rafiq_sarker456,Shihab,Raihan,ttassell50@imdb.com,password123,doctor,DL-#####,Hope Medical Institute,true,false
sajib_molla302,Rashed,Rafiqul,gwardroper51@tripadvisor.com,password123,doctor,DL-#####,Labaid Hospital,true,false
imran_mahmud524,Rony,Hossen,thartley52@woothemes.com,password123,doctor,DL-#####,Hope Medical Institute,true,false
kamal_akter670,Rasel,Rahman,lverlinden53@toplist.cz,password123,doctor,DL-#####,Wellness Hospital,true,false
sajid_mahmud623,Subhan,Islam,lroderigo54@google.co.uk,password123,doctor,DL-#####,Curewell Hospital,true,false
shanto_akter560,Farhad,Munna,lschellig55@parallels.com,password123,doctor,DL-#####,Square Hospital,true,false
faisal_molla641,Rasel,Shamim,rjollie56@dagondesign.com,password123,doctor,DL-#####,Sunrise Hospital,true,false
rony_chowdhury607,Ashik,Khan,sniezen57@epa.gov,password123,doctor,DL-#####,Hope Medical Institute,true,false
nayeem_kabir881,Saif,Uddin,agunningham58@hugedomains.com,password123,doctor,DL-#####,Apollo Hospital,true,false
sajib_akter109,Ashik,Bhuiyan,epowderham59@constantcontact.com,password123,doctor,DL-#####,Bright Future Hospital,true,false
nayeem_hossain926,Iqbal,Majumder,awinscum5a@youku.com,password123,doctor,DL-#####,Greenfield Clinic,true,false
sajid_nasir668,Noman,Tanvir,bharler5b@github.com,password123,doctor,DL-#####,Evercare Hospital,true,false
rakib_nasir228,Rashedul,Ahmed,wfroom5c@prweb.com,password123,doctor,DL-#####,Central Diagnostic Center,true,false
faisal_uddin717,Rashed,Hossain,clipman5d@marriott.com,password123,doctor,DL-#####,St. Mary’s Hospital,true,false
saumya_akter329,Tanveer,Anwar,tlyttle5e@tinyurl.com,password123,doctor,DL-#####,Riverbank Hospital,true,false
hasan_karim726,Anik,Munna,zzumfelde5f@omniture.com,password123,doctor,DL-#####,Central Diagnostic Center,true,false
sajid_islam543,Anik,Akter,ssultana5g@homestead.com,password123,doctor,DL-#####,Royal Health Center,true,false
tanvir_sarker215,Mehedi,Shaikh,kbernardin5h@msu.edu,password123,doctor,DL-#####,Greenfield Clinic,true,false
jamil_majumder928,Anik,Halim,mbambrick5i@narod.ru,password123,doctor,DL-#####,Greenfield Clinic,true,false
sabbir_molla304,Miraz,Chowdhury,kmusselwhite5j@jiathis.com,password123,doctor,DL-#####,Central Diagnostic Center,true,false
